feature,VIF
IDX_TRAD,1.378867473009914
IDX_FIN,1.2746830432471232
26-30,1.089411307081022
IDX_IMPORTANCE,1.0570006765185906
22-25,1.025664831070526
